[
	{"id":1,"info":"纯钛飞行员（可配近视）","price":249,"img":"images/sun-1.jpg"},
	{"id":2,"info":"1900太阳镜（可配近视）","price":249,"img":"images/sun-2.jpg"},
	{"id":3,"info":"Cat-Eye偏光太阳镜","price":199,"img":"images/sun-3.jpg"},
	{"id":4,"info":"旅行者（可配近视）","price":259,"img":"images/sun-4.jpg"},
	{"id":5,"info":"纯钛飞行员（平光彩膜）","price":269,"img":"images/sun-5.jpg"},
	{"id":6,"info":"obsession偏光板材太阳镜","price":199,"img":"images/sun-6.jpg"},
	{"id":7,"info":"S2非凡太阳镜","price":249,"img":"images/sun-7.jpg"},
	{"id":8,"info":"S1尼龙透色太阳镜","price":249,"img":"images/sun-8.jpg"},
	{"id":9,"info":"S4偏光花溢太阳镜","price":249,"img":"images/sun-9.jpg"},
	{"id":10,"info":"S3重机太阳镜","price":249,"img":"images/sun-10.jpg"},
	{"id":11,"info":"独特轻便太阳镜","price":249,"img":"images/sun-11.jpg"}
]
