[
	{"id":"家装建材","info":"MUJI等  制造商直供","price":799,"img":"images/muji-1.jpg"},
	{"id":"家装建材","info":"随意组合沙发","price":799,"img":"images/muji-2.jpg"},
	{"id":"家装建材","info":"Cozleep 经济房床垫高22CM","price":1499,"img":"images/muji-3.jpg"},
	{"id":"家装建材","info":"时尚百搭电脑椅","price":399,"img":"images/muji-4.jpg"},
	{"id":"家装建材","info":"Cozleep 进口头层真皮床","price":4099,"img":"images/muji-5.jpg"},
	{"id":"家装建材","info":"白橡实木床头柜","price":679,"img":"images/muji-6.jpg"},
	{"id":"家装建材","info":"时尚儿童学习桌","price":1399,"img":"images/muji-7.jpg"},
	{"id":"家装建材","info":"榉木圆凳","price":149,"img":"images/muji-8.jpg"},
	{"id":"家装建材","info":"健康站立桌椅","price":799,"img":"images/muji-9.jpg"}
]